{"colsample_bytree": 0.9696901563520837, "gamma": 0.07561613263590211, "learning_rate": 0.06776244440430806, "max_depth": 6, "n_estimators": 351, "subsample": 0.68900406443721}